word_id,user_id
1,1
1,2
1,3
2,1
2,2
2,3
3,1
3,2
3,3
4,1
4,2
4,3
5,1
5,2
5,3
6,1
6,2
6,3
7,1
7,2
7,3
8,1
8,2
8,3
9,1
9,2
9,3
10,1
10,2
10,3
11,1
11,2
11,3
12,1
12,2
12,3
12,71
13,1
13,2
13,3
14,1
14,2
14,3
15,1
15,2
15,3
16,1
16,2
16,3
17,1
17,2
17,3
18,1
18,2
18,3
19,1
19,2
19,3
20,1
20,2
20,3
21,1
21,2
21,3
22,1
22,2
22,3
23,1
23,2
23,3
24,1
24,2
24,3
25,1
25,2
25,3
26,1
26,2
26,3
27,1
27,2
27,3
27,5
28,1
28,2
28,3
29,1
29,2
29,3
30,1
30,2
30,3
31,1
31,2
31,3
32,1
32,2
32,3
33,1
33,2
33,3
34,1
34,2
34,3
35,1
35,2
35,3
36,1
36,2
36,3
37,1
37,2
37,3
38,1
38,2
38,3
39,1
39,2
39,3
40,1
40,2
40,3
41,1
41,2
41,3
42,1
42,2
42,3
43,1
43,2
43,3
44,1
44,2
44,3
44,45
45,1
45,2
45,3
46,1
46,2
46,3
47,1
47,2
47,3
48,1
48,2
48,3
49,1
49,2
49,3
50,1
50,2
50,3
51,1
51,2
51,3
52,1
52,2
52,3
53,1
53,2
53,3
54,1
54,2
54,3
55,1
55,2
55,3
56,1
56,2
56,3
57,1
57,2
57,3
57,46
58,1
58,2
58,3
59,1
59,2
59,3
60,1
60,2
60,3
61,1
61,2
61,3
62,1
62,2
62,3
63,1
63,2
63,3
64,1
64,2
64,3
65,1
65,2
65,3
66,1
66,2
66,3
67,1
67,2
67,3
68,1
68,2
68,3
69,1
69,2
69,3
70,1
70,2
70,3
71,1
71,2
71,3
72,1
72,2
72,3
73,1
73,2
73,3
74,1
74,2
74,3
75,1
75,2
75,3
76,1
76,2
76,3
77,1
77,2
77,3
78,1
78,2
78,3
79,1
79,2
79,3
80,1
80,2
80,3
81,1
81,2
81,3
82,1
82,2
82,3
83,1
83,2
83,3
84,1
84,2
84,3
85,1
85,2
85,3
86,1
86,2
86,3
87,1
87,2
87,3
88,1
88,2
88,3
89,1
89,2
89,3
90,1
90,2
90,3
91,1
91,2
91,3
92,1
92,2
92,3
93,1
93,2
93,3
94,1
94,2
94,3
95,1
95,2
95,3
96,1
96,2
96,3
97,1
97,2
97,3
98,1
98,2
98,3
99,1
99,2
99,3
100,1
100,2
100,3
101,1
101,2
101,3
102,1
102,2
102,3
103,1
103,2
103,3
104,1
104,2
104,3
105,1
105,2
105,3
106,1
106,2
106,3
107,1
107,2
107,3
108,1
108,2
108,3
109,1
109,2
109,3
110,1
110,2
110,3
111,1
111,2
111,3
112,1
112,2
112,3
113,1
113,2
113,3
114,1
114,2
114,3
115,1
115,2
115,3
116,1
116,2
116,3
117,1
117,2
117,3
118,1
118,2
118,3
119,1
119,2
119,3
120,1
120,2
120,3
121,1
121,2
121,3
122,1
122,2
122,3
123,1
123,2
123,3
124,1
124,2
124,3
125,1
125,2
125,3
126,1
126,2
126,3
126,71
127,1
127,2
127,3
128,1
128,2
128,3
129,1
129,2
129,3
130,1
130,2
130,3
131,1
131,2
131,3
132,1
132,2
132,3
133,1
133,2
133,3
134,1
134,2
134,3
134,71
135,1
135,2
135,3
135,64
136,1
136,2
136,3
137,1
137,2
137,3
137,5
138,1
138,2
138,3
139,1
139,2
139,3
139,71
140,1
140,2
140,3
141,1
141,2
141,3
142,1
142,2
142,3
143,1
143,2
143,3
144,1
144,2
144,3
145,1
145,2
145,3
146,1
146,2
146,3
147,1
147,2
147,3
148,1
148,2
148,3
149,1
149,2
149,3
150,1
150,2
150,3
151,1
151,2
151,3
152,1
152,2
152,3
153,1
153,2
153,3
154,1
154,2
154,3
155,1
155,2
155,3
156,1
156,2
156,3
157,1
157,2
157,3
158,1
158,2
158,3
159,1
159,2
159,3
160,1
160,2
160,3
161,1
161,2
161,3
161,71
162,1
162,2
162,3
163,1
163,2
163,3
164,1
164,2
164,3
165,1
165,2
165,3
166,1
166,2
166,3
167,1
167,2
167,3
168,1
168,2
168,3
168,5
169,1
169,2
169,3
170,1
170,2
170,3
171,1
171,2
171,3
172,1
172,2
172,3
173,1
173,2
173,3
174,1
174,2
174,3
175,1
175,2
175,3
176,1
176,2
176,3
177,1
177,2
177,3
178,1
178,2
178,3
179,1
179,2
179,3
180,1
180,2
180,3
181,1
181,2
181,3
182,1
182,2
182,3
183,1
183,2
183,3
184,1
184,2
184,3
185,1
185,2
185,3
186,1
186,2
186,3
187,1
187,2
187,3
188,1
188,2
188,3
189,1
189,2
189,3
190,1
190,2
190,3
191,1
191,2
191,3
192,1
192,2
192,3
193,1
193,2
193,3
194,1
194,2
194,3
195,1
195,2
195,3
196,1
196,2
196,3
197,1
197,2
197,3
198,1
198,2
198,3
199,1
199,2
199,3
200,1
200,2
200,3
201,1
201,2
201,3
202,1
202,2
202,3
203,1
203,2
203,3
204,1
204,2
204,3
205,1
205,2
205,3
206,1
206,2
206,3
207,1
207,2
207,3
208,1
208,2
208,3
209,1
209,2
209,3
210,1
210,2
210,3
211,1
211,2
211,3
212,1
212,2
212,3
213,1
213,2
213,3
214,1
214,2
214,3
215,1
215,2
215,3
216,1
216,2
216,3
217,1
217,2
217,3
218,1
218,2
218,3
219,1
219,2
219,3
220,1
220,2
220,3
221,1
221,2
221,3
222,1
222,2
222,3
223,1
223,2
223,3
224,1
224,2
224,3
225,1
225,2
225,3
226,1
226,2
226,3
227,1
227,2
227,3
228,1
228,2
228,3
229,1
229,2
229,3
230,1
230,2
230,3
231,1
231,2
231,3
232,1
232,2
232,3
233,1
233,2
233,3
234,1
234,2
234,3
235,1
235,2
235,3
236,1
236,2
236,3
236,64
237,1
237,2
237,3
238,1
238,2
238,3
238,71
239,1
239,2
239,3
240,1
240,2
240,3
241,1
241,2
241,3
242,1
242,2
242,3
243,1
243,2
243,3
244,1
244,2
244,3
245,1
245,2
245,3
246,1
246,2
246,3
247,1
247,2
247,3
248,1
248,2
248,3
248,25
249,1
249,2
249,3
250,1
250,2
250,3
251,1
251,2
251,3
252,1
252,2
252,3
253,1
253,2
253,3
254,1
254,2
254,3
254,64
255,1
255,2
255,3
256,1
256,2
256,3
257,1
257,2
257,3
258,1
258,2
258,3
259,1
259,2
259,3
260,1
260,2
260,3
261,1
261,2
261,3
261,5
262,1
262,2
262,3
263,1
263,2
263,3
264,1
264,2
264,3
265,1
265,2
265,3
266,1
266,2
266,3
266,5
267,1
267,2
267,3
268,1
268,2
268,3
269,1
269,2
269,3
270,1
270,2
270,3
270,5
271,1
271,2
271,3
271,5
272,1
272,2
272,3
272,5
273,1
273,2
273,3
273,5
274,1
274,2
274,3
274,5
275,1
275,2
275,3
275,5
276,1
276,2
276,3
276,5
277,1
277,2
277,3
277,5
278,1
278,2
278,3
278,5
279,1
279,2
279,3
279,5
280,1
280,2
280,3
280,5
281,1
281,2
281,3
281,5
282,1
282,2
282,3
282,5
283,1
283,2
283,3
283,5
284,1
284,2
284,3
284,5
285,1
285,2
285,3
285,5
286,1
286,2
286,3
286,5
287,1
287,2
287,3
287,5
288,1
288,2
288,3
288,5
289,1
289,2
289,3
289,5
290,1
290,2
290,3
290,5
291,1
291,2
291,3
291,5
292,1
292,2
292,3
292,5
293,1
293,2
293,3
293,5
294,1
294,2
294,3
294,5
295,1
295,2
295,3
295,5
296,1
296,2
296,3
296,5
297,1
297,2
297,3
297,5
298,1
298,2
298,3
298,5
299,1
299,2
299,3
299,5
300,1
300,2
300,3
300,5
301,1
301,2
301,3
301,5
302,1
302,2
302,3
302,5
303,1
303,2
303,3
303,5
304,1
304,2
304,3
304,5
305,1
305,2
305,3
305,5
306,1
306,2
306,3
306,5
307,1
307,2
307,3
307,5
308,1
308,2
308,3
308,5
309,1
309,2
309,3
309,5
310,1
310,2
310,3
310,5
311,1
311,2
311,3
311,5
312,1
312,2
312,3
312,5
313,1
313,2
313,3
313,5
314,1
314,2
314,3
314,5
315,1
315,2
315,3
315,5
316,1
316,2
316,3
316,5
317,1
317,2
317,3
317,5
318,1
318,2
318,3
318,5
319,1
319,2
319,3
319,5
320,1
320,2
320,3
320,5
321,1
321,2
321,3
321,5
322,1
322,2
322,3
322,5
323,1
323,2
323,3
323,5
324,1
324,2
324,3
324,5
325,1
325,2
325,3
325,5
326,1
326,2
326,3
326,5
327,1
327,2
327,3
327,5
328,1
328,2
328,3
328,5
328,45
329,1
329,2
329,3
329,5
330,1
330,2
330,3
330,5
331,1
331,2
331,3
331,5
332,1
332,2
332,3
332,5
333,1
333,2
333,3
333,5
334,1
334,2
334,3
334,5
335,1
335,2
335,3
335,5
336,1
336,2
336,3
336,5
337,1
337,2
337,3
337,5
338,1
338,2
338,3
338,5
339,1
339,2
339,3
339,5
340,1
340,2
340,3
340,5
341,1
341,2
341,3
341,5
342,1
342,2
342,3
342,5
343,1
343,2
343,3
343,5
344,1
344,2
344,3
344,5
345,1
345,2
345,3
345,5
346,1
346,2
346,3
346,5
347,1
347,2
347,3
347,5
348,1
348,2
348,3
348,5
349,1
349,2
349,3
349,5
350,1
350,2
350,3
350,5
351,1
351,2
351,3
351,5
352,1
352,2
352,3
352,5
353,1
353,2
353,3
353,5
354,1
354,2
354,3
354,5
355,1
355,2
355,3
355,5
356,1
356,2
356,3
356,5
357,1
357,2
357,3
357,5
358,1
358,2
358,3
358,5
359,1
359,2
359,3
359,5
360,1
360,2
360,3
360,5
361,1
361,2
361,3
361,5
362,1
362,2
362,3
362,5
363,1
363,2
363,3
363,5
364,1
364,2
364,3
364,5
365,1
365,2
365,3
365,5
366,1
366,2
366,3
366,5
367,1
367,2
367,3
367,5
368,1
368,2
368,3
368,5
369,1
369,2
369,3
369,5
370,1
370,2
370,3
370,5
371,1
371,2
371,3
371,5
372,1
372,2
372,3
372,5
373,1
373,2
373,3
373,5
374,1
374,2
374,3
374,5
375,1
375,2
375,3
375,5
376,1
376,2
376,3
376,5
377,1
377,2
377,3
377,5
378,1
378,2
378,3
378,5
379,1
379,2
379,3
379,5
380,1
380,2
380,3
380,5
381,1
381,2
381,3
381,5
382,1
382,2
382,3
382,5
383,1
383,2
383,3
383,5
384,1
384,2
384,3
384,5
385,1
385,2
385,3
385,5
386,1
386,2
386,3
386,5
387,1
387,2
387,3
387,5
388,1
388,2
388,3
388,5
389,1
389,2
389,3
389,5
390,1
390,2
390,3
390,5
391,1
391,2
391,3
391,5
392,1
392,2
392,3
392,5
393,1
393,2
393,3
393,5
394,1
394,2
394,3
394,5
395,1
395,2
395,3
395,5
396,1
396,2
396,3
396,5
397,1
397,2
397,3
397,5
398,1
398,2
398,3
398,5
399,1
399,2
399,3
399,5
400,1
400,2
400,3
400,5
401,1
401,2
401,3
401,5
402,1
402,2
402,3
402,5
403,1
403,2
403,3
403,5
404,1
404,2
404,3
404,5
405,1
405,2
405,3
405,5
406,1
406,2
406,3
406,5
407,1
407,2
407,3
407,5
408,1
408,2
408,3
408,5
409,1
409,2
409,3
409,5
410,1
410,2
410,3
410,5
411,1
411,2
411,3
411,5
412,1
412,2
412,3
412,5
413,1
413,2
413,3
413,5
414,1
414,2
414,3
414,5
415,1
415,2
415,3
415,5
416,1
416,2
416,3
416,5
417,1
417,2
417,3
417,5
418,1
418,2
418,3
418,5
419,1
419,2
419,3
419,5
420,1
420,2
420,3
420,5
421,1
421,2
421,3
421,5
422,1
422,2
422,3
422,5
423,1
423,2
423,3
423,5
424,1
424,2
424,3
424,5
425,1
425,2
425,3
425,5
426,1
426,2
426,3
426,5
427,1
427,2
427,3
427,5
428,1
428,2
428,3
428,5
429,1
429,2
429,3
429,5
430,1
430,2
430,3
430,5
431,1
431,2
431,3
431,5
431,26
432,1
432,2
432,3
432,5
433,1
433,2
433,3
433,5
434,1
434,2
434,3
434,5
435,1
435,2
435,3
435,5
436,1
436,2
436,3
436,5
437,1
437,2
437,3
437,5
438,1
438,2
438,3
438,5
439,1
439,2
439,3
439,5
440,1
440,2
440,3
440,5
441,1
441,2
441,3
441,5
442,1
442,2
442,3
442,5
443,1
443,2
443,3
443,5
444,1
444,2
444,3
444,5
445,1
445,2
445,3
445,5
446,1
446,2
446,3
446,5
447,1
447,2
447,3
447,5
448,1
448,2
448,3
448,5
449,1
449,2
449,3
449,5
450,1
450,2
450,3
450,5
451,1
451,2
451,3
451,5
452,1
452,2
452,3
452,5
453,1
453,2
453,3
453,5
454,1
454,2
454,3
454,5
455,1
455,2
455,3
455,5
456,1
456,2
456,3
456,5
457,1
457,2
457,3
457,5
458,1
458,2
458,3
458,5
459,1
459,2
459,3
459,5
460,1
460,2
460,3
460,5
461,1
461,2
461,3
461,5
462,1
462,2
462,3
462,5
463,1
463,2
463,3
463,5
464,1
464,2
464,3
464,5
465,1
466,1
466,2
467,1
467,2
468,1
469,1
469,2
469,3
470,2
470,5
471,1
472,1
472,2
474,5
475,1
475,2
475,3
476,1
476,2
477,1
477,2
478,1
478,2
479,1
479,2
480,1
480,2
481,1
481,47
482,1
482,2
483,1
484,1
485,2
485,5
486,2
486,5
487,2
487,5
488,2
488,5
489,1
489,2
489,64
490,2
490,5
491,2
492,2
493,2
494,2
495,2
496,2
497,2
498,2
498,71
499,2
500,2
501,2
502,2
503,2
504,2
505,2
506,2
507,2
508,2
509,2
510,2
511,2
512,2
513,2
514,2
515,2
516,2
517,2
518,1
518,2
518,3
519,2
520,2
521,2
521,5
522,2
522,5
523,2
524,2
525,2
526,2
526,3
527,2
528,2
529,2
530,2
531,2
532,2
532,3
533,2
533,3
534,2
535,2
536,2
537,5
538,5
539,2
540,2
540,5
540,71
541,2
542,2
543,2
544,2
545,2
545,3
546,2
547,2
548,2
549,2
549,5
550,2
551,2
552,2
553,2
554,2
554,5
555,2
556,2
557,2
557,3
558,2
559,2
559,3
560,2
561,2
562,2
563,1
563,2
564,2
564,47
565,2
566,2
567,2
568,2
569,2
570,2
571,2
572,2
573,5
574,5
575,2
575,3
576,2
576,3
577,2
577,3
578,2
578,3
579,2
580,2
581,1
581,2
581,3
582,2
583,2
584,2
584,3
585,2
585,5
586,2
586,5
587,2
587,5
588,2
588,5
589,2
589,5
590,2
590,5
591,2
592,2
593,2
595,2
596,2
596,5
597,2
597,5
598,2
598,3
598,5
599,2
599,5
600,2
601,2
602,2
602,5
603,2
603,5
604,2
605,2
605,3
606,2
606,3
607,2
607,3
608,2
608,3
609,2
609,3
610,2
611,2
612,2
613,5
614,2
614,5
615,3
615,56
616,2
616,3
617,2
617,5
618,2
618,5
619,2
619,3
620,2
624,2
625,2
626,1
626,2
626,3
627,1
627,2
628,5
629,2
629,3
630,2
631,2
632,2
633,2
634,2
635,2
636,2
637,3
638,2
639,10
640,2
641,1
641,2
642,5
643,2
645,2
646,2
647,2
648,2
649,2
650,2
651,2
651,3
652,3
653,3
654,3
655,3
656,3
657,3
658,1
658,2
659,2
660,2
660,47
661,2
661,3
662,2
663,2
664,3
665,2
666,2
667,2
667,5
668,2
669,2
670,2
671,2
672,2
673,2
674,2
675,2
676,2
677,2
677,3
678,2
678,5
679,2
679,5
680,2
680,5
681,2
682,2
683,2
684,2
685,2
686,2
687,2
688,2
689,2
690,2
691,2
692,2
693,2
694,2
695,2
696,2
697,2
698,2
698,3
699,2
700,2
701,2
702,2
702,47
703,2
704,2
705,2
706,2
707,2
707,45
708,2
709,2
710,2
711,2
712,2
712,3
712,45
713,2
713,3
714,2
715,2
715,71
716,2
717,2
717,71
718,2
718,71
719,2
720,2
721,2
722,2
723,2
724,2
725,2
726,2
727,2
728,2
729,2
730,2
731,2
732,1
732,2
732,3
733,2
733,3
734,2
734,3
735,2
736,2
736,3
737,2
738,2
738,47
739,5
740,2
740,5
741,2
742,2
742,3
742,5
743,2
743,5
744,2
744,3
744,5
745,2
745,3
745,5
746,5
747,2
747,5
748,1
748,5
749,5
750,2
750,5
751,2
751,5
752,5
753,2
753,5
754,5
755,5
756,2
756,5
757,2
758,2
759,2
760,2
761,2
762,2
763,2
765,2
766,5
767,2
767,5
768,2
769,2
769,5
770,2
771,2
772,2
773,2
774,2
775,2
776,2
777,2
778,2
779,2
780,2
781,2
782,2
783,2
784,2
784,47
785,2
786,2
787,2
788,2
789,2
790,2
791,2
792,2
793,2
794,2
795,2
796,2
796,5
797,5
798,5
799,2
799,5
800,2
800,5
801,2
801,5
802,2
802,5
803,2
803,5
804,2
804,5
806,5
807,5
808,2
809,2
811,2
811,3
812,2
813,2
813,3
814,2
816,2
817,2
818,2
819,2
820,2
822,2
823,2
824,2
825,2
826,2
827,2
828,2
829,2
830,2
831,2
832,2
833,2
834,2
836,2
838,3
839,2
839,3
841,2
843,2
844,2
845,2
846,2
847,2
849,46
849,47
851,3
852,3
854,2
856,47
857,2
858,2
859,1
859,2
861,2
864,1
864,25
866,2
869,2
872,3
873,2
873,3
873,5
874,2
875,3
878,2
879,2
880,2
882,2
883,2
885,2
885,47
886,2
887,2
888,2
889,2
890,2
891,2
893,2
894,1
894,2
894,71
895,2
895,3
896,2
897,2
898,2
899,2
900,2
903,2
904,2
905,2
906,2
907,2
908,2
909,2
910,2
911,1
912,1
913,1
914,2
915,2
916,2
917,2
918,2
919,2
920,2
921,2
922,2
923,2
924,2
925,2
925,45
929,2
930,2
932,3
934,2
938,1
938,2
939,1
940,1
941,1
942,1
943,1
944,1
945,1
945,2
946,1
946,2
947,1
948,1
949,1
950,1
951,1
951,2
952,1
953,1
954,1
955,1
956,1
956,2
957,1
957,2
958,1
958,2
959,1
960,1
960,2
961,1
961,2
962,1
962,2
963,1
963,2
964,1
965,1
966,1
966,2
966,3
967,1
967,2
968,1
968,2
969,1
969,2
970,1
971,1
972,1
973,1
973,2
974,1
975,1
976,1
977,1
978,1
979,1
980,1
981,1
982,1
982,2
983,1
983,2
984,1
985,1
986,1
987,1
988,1
989,1
990,1
991,1
991,2
992,1
993,1
994,1
994,2
995,1
995,2
996,1
997,1
998,1
999,1
1000,1
1001,1
1002,1
1003,1
1004,1
1005,1
1005,2
1006,1
1007,1
1008,1
1009,1
1009,2
1010,1
1010,2
1011,2
1012,2
1014,2
1015,2
1016,2
1017,1
1017,2
1018,1
1019,1
1020,1
1021,1
1021,2
1022,1
1023,1
1024,1
1024,2
1025,2
1027,2
1027,3
1028,2
1028,3
1029,2
1030,2
1031,2
1031,3
1032,2
1032,3
1033,2
1033,3
1034,2
1034,3
1035,2
1036,2
1037,3
1038,2
1039,2
1040,2
1041,2
1042,2
1042,3
1043,3
1044,3
1045,2
1046,2
1047,2
1048,2
1049,1
1050,1
1051,1
1052,1
1053,1
1054,1
1055,1
1056,1
1057,1
1058,1
1059,1
1060,1
1061,1
1061,3
1062,1
1062,2
1063,1
1064,1
1065,1
1066,1
1067,1
1068,1
1069,1
1069,2
1070,1
1071,1
1071,3
1072,1
1073,1
1074,1
1075,3
1076,1
1077,1
1077,2
1078,2
1079,2
1080,2
1081,2
1082,2
1083,3
1084,3
1086,2
1086,71
1087,2
1088,2
1089,2
1090,3
1091,3
1092,2
1092,3
1093,2
1093,3
1094,2
1096,2
1096,3
1097,2
1097,3
1098,2
1098,3
1099,3
1100,2
1100,71
1101,2
1102,1
1102,2
1103,1
1104,1
1105,1
1106,1
1106,2
1107,2
1108,2
1109,1
1110,1
1110,2
1111,1
1111,2
1112,1
1113,2
1114,2
1115,1
1115,2
1115,71
1116,1
1116,2
1117,2
1118,2
1119,2
1120,2
1121,1
1121,3
1122,2
1123,2
1124,2
1125,2
1126,2
1127,2
1128,1
1128,2
1128,3
1129,1
1129,2
1129,3
1130,3
1131,3
1132,2
1133,2
1133,3
1134,2
1135,2
1136,2
1137,2
1138,2
1139,2
1140,2
1141,2
1142,2
1143,2
1144,2
1145,2
1146,2
1147,2
1148,2
1149,2
1150,2
1151,2
1151,3
1152,2
1152,3
1153,2
1153,3
1154,2
1154,3
1155,2
1155,3
1156,2
1156,3
1157,2
1157,3
1158,2
1158,3
1159,1
1159,2
1159,3
1160,1
1160,2
1160,3
1161,1
1162,2
1162,3
1163,2
1163,3
1164,2
1165,2
1165,3
1166,2
1166,3
1167,2
1167,3
1168,2
1168,3
1169,2
1169,3
1170,2
1170,3
1171,1
1171,2
1172,1
1172,2
1173,3
1174,3
1175,2
1175,3
1176,3
1177,3
1178,3
1179,3
1180,3
1181,2
1181,3
1181,47
1182,3
1183,3
1184,1
1184,2
1185,1
1186,1
1187,1
1188,1
1189,1
1190,1
1191,1
1192,1
1192,2
1193,1
1193,2
1194,1
1195,1
1195,2
1196,1
1196,2
1197,1
1197,2
1198,1
1198,2
1199,1
1200,1
1201,1
1202,1
1202,2
1203,1
1204,1
1205,1
1206,1
1206,2
1207,1
1208,1
1209,1
1210,1
1211,1
1212,1
1213,1
1214,1
1215,1
1216,1
1216,2
1216,3
1217,1
1218,1
1218,2
1219,2
1220,2
1221,2
1222,2
1223,2
1224,2
1225,2
1226,2
1227,2
1228,2
1229,2
1229,3
1230,2
1231,2
1231,3
1232,2
1233,2
1233,3
1234,1
1235,1
1236,1
1237,1
1238,1
1239,1
1240,1
1241,1
1242,1
1243,2
1244,1
1245,1
1246,1
1246,2
1247,1
1247,2
1248,1
1249,1
1249,2
1249,3
1250,1
1250,2
1251,1
1251,2
1252,1
1253,1
1254,1
1255,2
1256,2
1257,2
1258,2
1259,2
1260,2
1261,2
1262,2
1263,1
1263,2
1264,1
1264,2
1265,1
1265,2
1266,1
1267,1
1268,1
1269,2
1270,2
1271,1
1272,1
1272,2
1273,1
1273,3
1274,1
1275,1
1276,2
1276,3
1277,1
1277,2
1278,1
1278,2
1279,1
1279,2
1280,1
1281,2
1282,2
1282,3
1283,2
1284,1
1284,2
1285,1
1286,1
1287,1
1288,1
1288,2
1289,1
1290,2
1291,2
1291,3
1292,2
1293,1
1294,1
1295,1
1296,1
1296,2
1297,1
1298,1
1299,1
1300,1
1300,2
1300,3
1301,1
1301,2
1302,1
1302,3
1303,1
1303,3
1304,1
1304,3
1305,1
1305,2
1306,1
1307,1
1308,2
1308,3
1309,2
1310,1
1311,2
1311,3
1312,2
1312,3
1312,42
1313,2
1314,2
1315,2
1315,3
1316,3
1317,2
1317,3
1318,2
1318,3
1319,3
1320,3
1321,3
1322,2
1322,3
1322,64
1323,3
1324,3
1325,3
1326,3
1327,2
1327,3
1328,3
1329,3
1330,3
1331,3
1332,3
1333,2
1333,3
1333,71
1334,3
1335,2
1335,3
1336,1
1336,2
1336,3
1337,2
1337,3
1338,2
1338,3
1339,3
1340,3
1341,1
1342,2
1343,2
1344,3
1345,3
1346,3
1347,3
1348,3
1349,2
1350,2
1350,3
1350,64
1351,1
1351,3
1352,2
1353,2
1354,2
1355,2
1356,2
1357,2
1358,2
1359,2
1360,2
1361,2
1362,2
1363,2
1364,2
1365,1
1365,2
1366,2
1367,2
1368,2
1369,2
1370,2
1370,3
1371,2
1371,3
1372,2
1373,2
1373,3
1374,2
1375,2
1376,2
1376,3
1377,2
1377,3
1378,2
1379,2
1380,2
1380,3
1381,2
1381,3
1382,2
1383,1
1383,2
1384,2
1385,2
1385,3
1386,2
1387,2
1388,2
1388,3
1389,2
1390,2
1390,3
1391,2
1392,1
1393,1
1393,2
1394,1
1395,1
1396,1
1397,1
1398,1
1399,1
1400,1
1401,1
1401,2
1402,1
1402,2
1403,1
1403,2
1404,1
1405,1
1406,2
1407,1
1408,2
1409,2
1410,2
1411,2
1411,47
1412,2
1413,2
1414,2
1415,2
1415,23
1415,71
1416,2
1416,24
1417,25
1418,2
1419,2
1419,23
1420,2
1421,2
1421,3
1422,2
1423,2
1424,2
1425,2
1426,2
1427,2
1428,2
1429,2
1430,2
1431,2
1432,2
1433,2
1434,2
1435,2
1436,2
1437,2
1438,2
1439,2
1441,2
1442,26
1443,26
1444,26
1448,1
1448,2
1449,1
1449,2
1450,2
1451,1
1452,2
1453,2
1454,2
1455,2
1456,1
1457,2
1458,2
1458,3
1459,2
1460,3
1461,2
1461,17
1462,2
1463,2
1464,2
1465,2
1466,2
1467,2
1468,1
1468,2
1468,26
1469,2
1470,2
1471,2
1472,2
1473,2
1474,1
1474,2
1475,2
1475,28
1476,2
1476,3
1477,2
1478,2
1479,16
1480,2
1481,2
1482,24
1483,2
1484,1
1485,1
1486,1
1487,1
1488,2
1489,2
1490,2
1491,3
1492,2
1492,17
1494,1
1495,1
1495,2
1496,1
1496,2
1497,1
1498,2
1498,71
1500,2
1500,23
1501,1
1502,1
1503,1
1504,1
1505,1
1506,1
1507,1
1508,1
1508,2
1509,1
1509,5
1509,47
1510,1
1510,2
1511,1
1511,2
1511,5
1512,1
1513,2
1513,5
1514,5
1514,47
1515,1
1516,1
1516,5
1517,1
1517,2
1518,1
1518,5
1519,2
1519,5
1520,2
1521,2
1521,5
1522,2
1523,1
1523,5
1524,1
1524,5
1525,1
1525,5
1526,1
1527,1
1527,2
1528,1
1528,5
1529,2
1529,5
1530,25
1531,1
1532,1
1533,1
1534,1
1535,1
1535,5
1536,2
1537,31
1538,2
1539,1
1539,2
1540,2
1541,2
1541,45
1541,47
1542,2
1543,2
1543,45
1544,2
1544,45
1545,2
1546,2
1547,2
1548,1
1548,2
1548,45
1549,1
1549,45
1550,2
1551,2
1552,2
1553,2
1554,2
1554,5
1555,2
1556,2
1557,2
1558,2
1559,2
1559,45
1560,2
1560,45
1561,2
1562,2
1563,2
1564,2
1564,47
1565,2
1566,2
1567,2
1568,2
1569,2
1570,2
1571,2
1572,2
1573,2
1574,2
1575,1
1575,2
1575,5
1576,2
1576,15
1577,2
1577,45
1577,64
1578,2
1579,1
1580,2
1581,2
1581,71
1582,2
1583,2
1584,47
1585,2
1586,2
1587,2
1588,2
1590,2
1591,2
1592,2
1593,2
1594,2
1595,2
1596,2
1597,2
1598,2
1599,2
1600,2
1601,2
1602,2
1603,2
1604,2
1605,2
1606,2
1607,2
1608,2
1609,2
1610,2
1610,64
1611,2
1612,2
1613,2
1614,2
1615,2
1616,2
1617,2
1618,2
1619,2
1620,2
1621,2
1622,2
1623,2
1623,71
1624,2
1625,2
1625,64
1626,2
1627,2
1628,2
1629,2
1630,2
1631,2
1632,2
1633,2
1634,2
1635,2
1636,2
1637,2
1637,71
1638,2
1639,2
1640,2
1641,2
1642,2
1643,2
1644,2
1645,2
1646,2
1647,2
1648,2
1649,2
1650,2
1651,2
1652,1
1653,2
1654,2
1655,2
1656,2
1657,2
1658,2
1659,2
1660,2
1661,2
1662,2
1662,71
1663,2
1664,2
1665,2
1666,2
1667,2
1668,5
1669,5
1670,2
1671,2
1671,45
1672,45
1673,45
1674,45
1675,2
1675,45
1676,2
1676,45
1677,2
1677,45
1678,45
1679,45
1680,45
1681,45
1682,2
1682,45
1683,45
1684,45
1685,45
1685,47
1686,45
1687,45
1688,2
1688,45
1689,45
1690,45
1691,45
1692,45
1693,45
1694,45
1695,45
1696,45
1697,2
1697,45
1698,2
1698,45
1699,2
1699,45
1700,45
1701,45
1702,45
1703,45
1704,45
1705,45
1706,45
1707,46
1707,47
1708,2
1708,46
1709,46
1710,46
1711,46
1712,46
1713,2
1713,46
1714,46
1715,46
1715,47
1716,46
1717,2
1717,46
1718,46
1719,46
1720,2
1720,46
1721,2
1721,45
1722,2
1722,45
1723,45
1724,45
1725,45
1726,45
1727,45
1728,45
1729,45
1730,45
1731,45
1732,45
1733,45
1734,45
1735,45
1736,45
1737,45
1738,45
1739,45
1740,45
1741,45
1742,45
1743,45
1744,45
1745,45
1746,45
1747,45
1748,2
1748,45
1749,2
1749,45
1750,2
1750,45
1751,2
1751,45
1752,45
1753,45
1754,45
1755,45
1755,47
1756,45
1757,45
1758,45
1759,45
1760,45
1761,45
1762,47
1763,47
1764,47
1765,47
1766,2
1766,47
1767,47
1768,47
1769,47
1770,2
1770,47
1771,2
1771,47
1772,2
1772,47
1773,47
1774,47
1775,47
1776,47
1777,2
1777,47
1778,2
1778,47
1779,2
1779,47
1780,46
1781,2
1781,47
1782,2
1782,46
1783,2
1783,46
1783,47
1784,46
1784,47
1785,46
1786,46
1787,2
1787,46
1788,46
1788,47
1789,2
1789,46
1790,2
1790,46
1791,2
1791,46
1792,46
1793,2
1793,46
1794,2
1794,46
1795,2
1795,46
1796,2
1796,46
1797,2
1797,46
1798,46
1799,2
1799,46
1800,46
1801,2
1801,46
1802,46
1803,2
1803,46
1804,46
1805,2
1805,46
1806,47
1807,47
1808,47
1809,2
1809,47
1810,47
1811,2
1811,46
1812,2
1812,46
1813,2
1813,46
1814,46
1815,1
1815,2
1815,46
1816,46
1817,46
1818,46
1819,46
1820,46
1821,46
1822,2
1822,46
1823,46
1824,46
1825,2
1825,46
1826,1
1826,2
1826,46
1827,46
1828,2
1828,46
1829,46
1830,2
1830,46
1831,46
1832,46
1833,46
1834,46
1835,46
1836,46
1837,46
1838,46
1839,46
1840,2
1840,46
1841,2
1841,46
1842,46
1843,2
1843,46
1844,2
1844,46
1845,46
1846,2
1846,46
1847,46
1847,47
1848,46
1849,2
1849,46
1850,2
1850,46
1851,46
1852,46
1853,2
1853,46
1854,46
1855,2
1855,46
1856,46
1857,1
1857,2
1857,46
1858,1
1858,2
1858,46
1859,46
1860,2
1860,46
1861,46
1862,2
1862,46
1863,46
1864,46
1865,46
1866,2
1866,46
1867,46
1868,2
1868,46
1869,2
1869,46
1870,2
1870,46
1871,2
1871,46
1872,46
1873,2
1873,46
1874,46
1875,2
1875,46
1876,46
1877,46
1878,2
1878,46
1879,2
1879,46
1880,2
1880,46
1881,2
1881,46
1881,47
1882,2
1882,46
1883,2
1883,46
1884,2
1884,46
1885,2
1885,46
1886,46
1887,2
1887,46
1888,2
1888,46
1889,46
1890,2
1890,46
1891,2
1891,46
1892,2
1892,46
1893,2
1893,46
1894,2
1894,46
1895,2
1895,46
1896,2
1896,46
1897,2
1897,46
1898,2
1898,46
1899,46
1900,2
1900,46
1901,2
1901,46
1902,2
1902,46
1902,47
1903,2
1903,46
1904,46
1905,46
1906,47
1907,47
1908,47
1909,2
1909,47
1910,47
1911,47
1912,2
1912,47
1913,2
1913,47
1914,47
1915,47
1916,47
1917,47
1918,47
1919,47
1920,47
1921,47
1922,47
1923,47
1924,47
1925,47
1926,47
1927,47
1928,2
1928,47
1929,47
1930,47
1931,47
1932,47
1933,47
1934,47
1935,47
1936,47
1937,47
1938,2
1938,47
1939,47
1940,47
1941,47
1942,47
1943,47
1944,2
1944,46
1945,2
1945,46
1946,2
1946,46
1947,46
1948,2
1948,46
1949,46
1950,2
1950,46
1951,2
1951,46
1952,2
1952,46
1953,2
1953,46
1954,2
1954,47
1955,2
1955,46
1956,2
1956,46
1957,2
1957,47
1958,2
1958,47
1959,47
1961,47
1962,47
1963,47
1965,2
1965,47
1966,47
1967,47
1968,47
1969,2
1969,47
1970,47
1971,47
1972,47
1973,47
1974,2
1974,47
1975,47
1976,2
1976,47
1977,47
1978,47
1979,47
1980,47
1981,47
1982,47
1983,2
1983,47
1984,47
1986,47
1987,47
1988,47
1989,47
1990,47
1991,47
1992,47
1993,47
1994,47
1995,47
1996,2
1996,47
1997,47
1998,47
1999,47
2000,47
2001,47
2002,2
2002,47
2003,2
2003,47
2004,47
2005,47
2006,2
2006,47
2007,47
2008,2
2008,47
2009,47
2010,47
2011,47
2012,2
2012,47
2013,2
2013,47
2014,47
2015,47
2016,47
2017,2
2017,47
2018,47
2019,47
2020,47
2021,47
2022,2
2022,47
2023,2
2023,47
2024,47
2025,47
2026,2
2026,47
2027,47
2028,47
2029,47
2030,47
2031,47
2032,2
2032,47
2033,47
2034,47
2035,47
2036,47
2037,47
2038,47
2039,47
2040,47
2041,2
2041,47
2042,56
2043,56
2044,56
2045,56
2046,56
2047,56
2048,56
2049,2
2049,56
2050,56
2051,2
2051,56
2052,56
2053,56
2054,56
2055,56
2056,2
2057,2
2058,56
2059,56
2060,56
2061,56
2062,56
2063,56
2064,2
2065,2
2066,2
2067,2
2068,2
2068,56
2069,2
2069,56
2070,2
2071,2
2071,50
2072,2
2073,2
2074,2
2074,64
2075,56
2076,56
2077,2
2077,64
2078,64
2079,2
2079,64
2080,2
2080,64
2081,2
2081,64
2082,64
2083,64
2084,2
2084,64
2085,2
2086,2
2087,2
2088,2
2089,64
2090,64
2091,2
2091,71
2092,71
2093,71
2094,71
2095,71
2096,71
2097,2
2098,2
2099,2
2100,2
2101,2
2102,2
2103,2
2104,2
2105,2
2106,71
2107,71
2108,2
2108,71
2109,2
2110,71
2111,71
2112,71
2113,71
